x_parameter,dataset,competitor,metric
0.0,AcousticContaminationMadrid_nmv,dqn,1.2708947599094775
0.0,AcousticContaminationMadrid_nmv,dqn_sr,4.466003387941934
0.0,AcousticContaminationMadrid_nmv,stopping_rule,1.2708947599094775
0.0,AcousticContaminationMadrid_nmv,proba_threshold,1.2708947599094775
0.0,AluminiumConcentration,dqn,1.2609797254241324
0.0,AluminiumConcentration,dqn_sr,2.5146182852525634
0.0,AluminiumConcentration,stopping_rule,1.2609797254241324
0.0,AluminiumConcentration,proba_threshold,1.2609797254241324
0.0,BitcoinSentiment,dqn,1.4677992676220697
0.0,BitcoinSentiment,dqn_sr,1.7782794100389228
0.0,BitcoinSentiment,stopping_rule,1.4677992676220697
0.0,BitcoinSentiment,proba_threshold,1.4677992676220697
0.0,BME,dqn,1.2863969449369745
0.0,BME,dqn_sr,1.3075293267109043
0.0,BME,stopping_rule,1.343756026893446
0.0,BME,proba_threshold,1.2863969449369745
0.0,ChilledWaterPredictor,dqn,1.2798022139979537
0.0,ChilledWaterPredictor,dqn_sr,1.2798022139979537
0.0,ChilledWaterPredictor,stopping_rule,1.2798022139979537
0.0,ChilledWaterPredictor,proba_threshold,1.2798022139979537
0.0,Chinatown,dqn,1.4677992676220697
0.0,Chinatown,dqn_sr,1.7782794100389228
0.0,Chinatown,stopping_rule,1.4677992676220697
0.0,Chinatown,proba_threshold,1.4677992676220697
0.0,Crop,dqn,1.6973546868653822
0.0,Crop,dqn_sr,1.3503140378698728
0.0,Crop,stopping_rule,1.3503140378698728
0.0,Crop,proba_threshold,1.3503140378698728
0.0,DhakaHourlyAirQuality,dqn,1.4677992676220697
0.0,DhakaHourlyAirQuality,dqn_sr,1.7782794100389228
0.0,DhakaHourlyAirQuality,stopping_rule,1.4677992676220697
0.0,DhakaHourlyAirQuality,proba_threshold,1.4677992676220697
0.0,DodgerLoopDay,dqn,1.2710617996147449
0.0,DodgerLoopDay,dqn_sr,1.2710617996147449
0.0,DodgerLoopDay,stopping_rule,1.2710617996147449
0.0,DodgerLoopDay,proba_threshold,1.2710617996147449
0.0,ElectricityPredictor,dqn,1.2798022139979535
0.0,ElectricityPredictor,dqn_sr,1.2798022139979535
0.0,ElectricityPredictor,stopping_rule,1.2798022139979535
0.0,ElectricityPredictor,proba_threshold,1.2798022139979535
0.0,EOGVerticalSignal,dqn,1.2612465753175388
0.0,EOGVerticalSignal,dqn_sr,1.2612465753175388
0.0,EOGVerticalSignal,stopping_rule,1.2612465753175388
0.0,EOGVerticalSignal,proba_threshold,1.2612465753175388
0.0,FloodModeling3,dqn,1.2742749857031337
0.0,FloodModeling3,dqn_sr,1.5959067764047317
0.0,FloodModeling3,stopping_rule,1.2742749857031337
0.0,FloodModeling3,proba_threshold,1.2742749857031337
0.0,GestureMidAirD1,dqn,1.258925411794167
0.0,GestureMidAirD1,dqn_sr,1.258925411794167
0.0,GestureMidAirD1,stopping_rule,1.258925411794167
0.0,GestureMidAirD1,proba_threshold,1.258925411794167
0.0,GunPointAgeSpan,dqn,1.2821374447434883
0.0,GunPointAgeSpan,dqn_sr,5.49034896727406
0.0,GunPointAgeSpan,stopping_rule,1.2783997194630239
0.0,GunPointAgeSpan,proba_threshold,1.2783997194630239
0.0,HouseholdPowerConsumption1,dqn,1.2589254117941668
0.0,HouseholdPowerConsumption1,dqn_sr,1.5848931924611134
0.0,HouseholdPowerConsumption1,stopping_rule,1.2589254117941668
0.0,HouseholdPowerConsumption1,proba_threshold,1.2589254117941668
0.0,HouseTwenty,dqn,1.2589254117941673
0.0,HouseTwenty,dqn_sr,3.187864974086086
0.0,HouseTwenty,stopping_rule,1.2589254117941673
0.0,HouseTwenty,proba_threshold,1.2589254117941673
0.0,HotwaterPredictor,dqn,1.2798022139979537
0.0,HotwaterPredictor,dqn_sr,1.593605985907693
0.0,HotwaterPredictor,stopping_rule,1.2827626269404984
0.0,HotwaterPredictor,proba_threshold,1.2798022139979537
0.0,InsectEPGRegularTrain,dqn,1.2681230532402819
0.0,InsectEPGRegularTrain,dqn_sr,1.2681230532402819
0.0,InsectEPGRegularTrain,stopping_rule,2.3184621696951733
0.0,InsectEPGRegularTrain,proba_threshold,1.2681230532402819
0.0,MadridPM10Quality_nmv,dqn,1.2798022139979535
0.0,MadridPM10Quality_nmv,dqn_sr,1.5936059859076932
0.0,MadridPM10Quality_nmv,stopping_rule,1.2798022139979535
0.0,MadridPM10Quality_nmv,proba_threshold,1.2798022139979535
0.0,MelbournePedestrian,dqn,3.0579255695738596
0.0,MelbournePedestrian,dqn_sr,1.4677992676220697
0.0,MelbournePedestrian,stopping_rule,1.4677992676220697
0.0,MelbournePedestrian,proba_threshold,1.4677992676220697
0.0,ParkingBirmingham_eq,dqn,1.389495494373138
0.0,ParkingBirmingham_eq,dqn_sr,1.5345413193674728
0.0,ParkingBirmingham_eq,stopping_rule,1.389495494373138
0.0,ParkingBirmingham_eq,proba_threshold,1.389495494373138
0.0,PLAID,dqn,1.262162409589134
0.0,PLAID,dqn_sr,1.262162409589134
0.0,PLAID,stopping_rule,1.262162409589134
0.0,PLAID,proba_threshold,1.262162409589134
0.0,PrecipitationAndalusia_nmv,dqn,1.2708947599094778
0.0,PrecipitationAndalusia_nmv,dqn_sr,1.3158095680529676
0.0,PrecipitationAndalusia_nmv,stopping_rule,1.2708947599094778
0.0,PrecipitationAndalusia_nmv,proba_threshold,1.2708947599094778
0.0,Rock,dqn,1.260557288727225
0.0,Rock,dqn_sr,1.260557288727225
0.0,Rock,stopping_rule,1.260557288727225
0.0,Rock,proba_threshold,1.260557288727225
0.0,SemgHandGenderCh2,dqn,1.258925411794167
0.0,SemgHandGenderCh2,dqn_sr,3.2000681545699146
0.0,SemgHandGenderCh2,stopping_rule,1.258925411794167
0.0,SemgHandGenderCh2,proba_threshold,1.258925411794167
0.0,SmoothSubspace,dqn,1.3593563908785258
0.0,SmoothSubspace,dqn_sr,1.3593563908785258
0.0,SmoothSubspace,stopping_rule,1.3593563908785258
0.0,SmoothSubspace,proba_threshold,1.3593563908785258
0.0,SolarRadiationAndalusia_nmv,dqn,1.2708947599094778
0.0,SolarRadiationAndalusia_nmv,dqn_sr,1.2708947599094778
0.0,SolarRadiationAndalusia_nmv,stopping_rule,1.2757070607819945
0.0,SolarRadiationAndalusia_nmv,proba_threshold,1.2708947599094778
0.0,SteamPredictor,dqn,1.2798022139979537
0.0,SteamPredictor,dqn_sr,1.593605985907693
0.0,SteamPredictor,stopping_rule,1.2798022139979537
0.0,SteamPredictor,proba_threshold,1.2798022139979537
0.0,TetuanEnergyConsumption,dqn,1.2915496650148839
0.0,TetuanEnergyConsumption,dqn_sr,3.6455377526584782
0.0,TetuanEnergyConsumption,stopping_rule,1.2915496650148839
0.0,TetuanEnergyConsumption,proba_threshold,1.2915496650148839
0.0,UMD,dqn,1.2783997194630237
0.0,UMD,dqn_sr,1.2783997194630237
0.0,UMD,stopping_rule,1.2783997194630237
0.0,UMD,proba_threshold,1.2783997194630237
0.0,WindTurbinePower,dqn,1.2915496650148839
0.0,WindTurbinePower,dqn_sr,1.614332284246808
0.0,WindTurbinePower,stopping_rule,1.2915496650148839
0.0,WindTurbinePower,proba_threshold,1.2915496650148839
0.1,AcousticContaminationMadrid_nmv,dqn,2.9895190187598084
0.1,AcousticContaminationMadrid_nmv,dqn_sr,2.949360839474085
0.1,AcousticContaminationMadrid_nmv,stopping_rule,2.9895190187598084
0.1,AcousticContaminationMadrid_nmv,proba_threshold,2.953411192708453
0.1,AluminiumConcentration,dqn,3.1454637634637286
0.1,AluminiumConcentration,dqn_sr,3.5777469865272944
0.1,AluminiumConcentration,stopping_rule,3.1454637634637286
0.1,AluminiumConcentration,proba_threshold,3.1454637634637286
0.1,BitcoinSentiment,dqn,2.7350193408598624
0.1,BitcoinSentiment,dqn_sr,2.9258275093007287
0.1,BitcoinSentiment,stopping_rule,2.765551196240882
0.1,BitcoinSentiment,proba_threshold,2.7350193408598624
0.1,BME,dqn,2.0969917518366383
0.1,BME,dqn_sr,1.4785707153402448
0.1,BME,stopping_rule,1.4785707153402448
0.1,BME,proba_threshold,1.4699582735353387
0.1,ChilledWaterPredictor,dqn,2.8931263404242453
0.1,ChilledWaterPredictor,dqn_sr,2.864237396515644
0.1,ChilledWaterPredictor,stopping_rule,2.882654049310641
0.1,ChilledWaterPredictor,proba_threshold,2.8931263404242453
0.1,Chinatown,dqn,1.8586537494620132
0.1,Chinatown,dqn_sr,1.9097327406338178
0.1,Chinatown,stopping_rule,1.8586537494620132
0.1,Chinatown,proba_threshold,1.8586537494620132
0.1,Crop,dqn,1.825497357065732
0.1,Crop,dqn_sr,1.6764076340828862
0.1,Crop,stopping_rule,1.6539898419905217
0.1,Crop,proba_threshold,1.6764076340828862
0.1,DhakaHourlyAirQuality,dqn,2.0335797273332927
0.1,DhakaHourlyAirQuality,dqn_sr,2.2648637073603117
0.1,DhakaHourlyAirQuality,stopping_rule,2.0335797273332927
0.1,DhakaHourlyAirQuality,proba_threshold,2.0335797273332927
0.1,DodgerLoopDay,dqn,2.151587086476911
0.1,DodgerLoopDay,dqn_sr,2.2481222863199375
0.1,DodgerLoopDay,stopping_rule,1.8207171162286315
0.1,DodgerLoopDay,proba_threshold,2.2637457810109693
0.1,ElectricityPredictor,dqn,3.168282897947953
0.1,ElectricityPredictor,dqn_sr,3.168282897947953
0.1,ElectricityPredictor,stopping_rule,3.168282897947953
0.1,ElectricityPredictor,proba_threshold,3.168282897947953
0.1,EOGVerticalSignal,dqn,1.9507182480610141
0.1,EOGVerticalSignal,dqn_sr,1.9507182480610141
0.1,EOGVerticalSignal,stopping_rule,1.9507182480610141
0.1,EOGVerticalSignal,proba_threshold,1.9507182480610141
0.1,FloodModeling3,dqn,3.051738791480646
0.1,FloodModeling3,dqn_sr,4.2069780428780135
0.1,FloodModeling3,stopping_rule,3.051738791480646
0.1,FloodModeling3,proba_threshold,3.051738791480646
0.1,GestureMidAirD1,dqn,1.6144054196343582
0.1,GestureMidAirD1,dqn_sr,1.6144054196343582
0.1,GestureMidAirD1,stopping_rule,1.6144054196343582
0.1,GestureMidAirD1,proba_threshold,1.6144054196343582
0.1,GunPointAgeSpan,dqn,2.1391650089899636
0.1,GunPointAgeSpan,dqn_sr,1.7946965561418313
0.1,GunPointAgeSpan,stopping_rule,2.28547717214949
0.1,GunPointAgeSpan,proba_threshold,2.886349757956731
0.1,HouseholdPowerConsumption1,dqn,3.2176399925939414
0.1,HouseholdPowerConsumption1,dqn_sr,3.099436936867883
0.1,HouseholdPowerConsumption1,stopping_rule,3.313867773744375
0.1,HouseholdPowerConsumption1,proba_threshold,3.223793168100573
0.1,HouseTwenty,dqn,2.495420784329118
0.1,HouseTwenty,dqn_sr,1.8895076842523606
0.1,HouseTwenty,stopping_rule,1.7572803880387802
0.1,HouseTwenty,proba_threshold,2.438981874696035
0.1,HotwaterPredictor,dqn,2.5678597284472153
0.1,HotwaterPredictor,dqn_sr,2.5678597284472153
0.1,HotwaterPredictor,stopping_rule,2.664863722737015
0.1,HotwaterPredictor,proba_threshold,2.5678597284472153
0.1,InsectEPGRegularTrain,dqn,1.1413107479162534
0.1,InsectEPGRegularTrain,dqn_sr,1.1413107479162534
0.1,InsectEPGRegularTrain,stopping_rule,2.0866159527256563
0.1,InsectEPGRegularTrain,proba_threshold,1.1413107479162534
0.1,MadridPM10Quality_nmv,dqn,3.154710774495125
0.1,MadridPM10Quality_nmv,dqn_sr,3.169580370077381
0.1,MadridPM10Quality_nmv,stopping_rule,3.154710774495125
0.1,MadridPM10Quality_nmv,proba_threshold,3.154710774495125
0.1,MelbournePedestrian,dqn,3.2709504097628437
0.1,MelbournePedestrian,dqn_sr,1.6952395243461011
0.1,MelbournePedestrian,stopping_rule,1.6952395243461011
0.1,MelbournePedestrian,proba_threshold,1.6952395243461011
0.1,ParkingBirmingham_eq,dqn,3.2605961961921053
0.1,ParkingBirmingham_eq,dqn_sr,3.2605961961921053
0.1,ParkingBirmingham_eq,stopping_rule,3.2605961961921053
0.1,ParkingBirmingham_eq,proba_threshold,3.2605961961921053
0.1,PLAID,dqn,1.4921672873475271
0.1,PLAID,dqn_sr,1.4077727940172176
0.1,PLAID,stopping_rule,1.665431041084065
0.1,PLAID,proba_threshold,1.3715162895357296
0.1,PrecipitationAndalusia_nmv,dqn,2.630438947284867
0.1,PrecipitationAndalusia_nmv,dqn_sr,2.6204268226049927
0.1,PrecipitationAndalusia_nmv,stopping_rule,2.630438947284867
0.1,PrecipitationAndalusia_nmv,proba_threshold,2.630438947284867
0.1,Rock,dqn,2.5821206074735508
0.1,Rock,dqn_sr,1.8464526546097129
0.1,Rock,stopping_rule,2.0544853582368283
0.1,Rock,proba_threshold,2.745436472222084
0.1,SemgHandGenderCh2,dqn,2.7232892808711604
0.1,SemgHandGenderCh2,dqn_sr,2.6738000638203876
0.1,SemgHandGenderCh2,stopping_rule,2.674970989816248
0.1,SemgHandGenderCh2,proba_threshold,2.6273428545076833
0.1,SmoothSubspace,dqn,2.9317540851240067
0.1,SmoothSubspace,dqn_sr,2.9317540851240067
0.1,SmoothSubspace,stopping_rule,2.9317540851240067
0.1,SmoothSubspace,proba_threshold,2.9317540851240067
0.1,SolarRadiationAndalusia_nmv,dqn,3.173508254215559
0.1,SolarRadiationAndalusia_nmv,dqn_sr,3.176395634739069
0.1,SolarRadiationAndalusia_nmv,stopping_rule,3.177839325000824
0.1,SolarRadiationAndalusia_nmv,proba_threshold,3.173508254215559
0.1,SteamPredictor,dqn,3.1518219925981588
0.1,SteamPredictor,dqn_sr,3.434245387316923
0.1,SteamPredictor,stopping_rule,3.177547541332712
0.1,SteamPredictor,proba_threshold,3.1748958958900713
0.1,TetuanEnergyConsumption,dqn,3.164212880331576
0.1,TetuanEnergyConsumption,dqn_sr,5.96931584125279
0.1,TetuanEnergyConsumption,stopping_rule,3.164212880331576
0.1,TetuanEnergyConsumption,proba_threshold,3.164212880331576
0.1,UMD,dqn,3.151098349214321
0.1,UMD,dqn_sr,3.00965065660763
0.1,UMD,stopping_rule,3.10599474236242
0.1,UMD,proba_threshold,3.151098349214321
0.1,WindTurbinePower,dqn,3.0393279317010475
0.1,WindTurbinePower,dqn_sr,3.1545821985133955
0.1,WindTurbinePower,stopping_rule,3.1545821985133955
0.1,WindTurbinePower,proba_threshold,3.1545821985133955
0.2,AcousticContaminationMadrid_nmv,dqn,4.663523078403781
0.2,AcousticContaminationMadrid_nmv,dqn_sr,4.9311697311635605
0.2,AcousticContaminationMadrid_nmv,stopping_rule,4.663523078403781
0.2,AcousticContaminationMadrid_nmv,proba_threshold,4.663523078403781
0.2,AluminiumConcentration,dqn,5.015827940534316
0.2,AluminiumConcentration,dqn_sr,5.999739851214372
0.2,AluminiumConcentration,stopping_rule,5.029947801503326
0.2,AluminiumConcentration,proba_threshold,5.029947801503326
0.2,BitcoinSentiment,dqn,4.002239414097656
0.2,BitcoinSentiment,dqn_sr,4.246623528031138
0.2,BitcoinSentiment,stopping_rule,4.026045507769673
0.2,BitcoinSentiment,proba_threshold,4.002239414097656
0.2,BME,dqn,1.354529628204829
0.2,BME,dqn_sr,1.3748911409085005
0.2,BME,stopping_rule,1.3748911409085005
0.2,BME,proba_threshold,1.3647103845566646
0.2,ChilledWaterPredictor,dqn,4.506450466850536
0.2,ChilledWaterPredictor,dqn_sr,4.7280642830634685
0.2,ChilledWaterPredictor,stopping_rule,4.763210889888702
0.2,ChilledWaterPredictor,proba_threshold,4.405685101278843
0.2,Chinatown,dqn,2.2495082313019568
0.2,Chinatown,dqn_sr,2.2495082313019568
0.2,Chinatown,stopping_rule,2.2495082313019568
0.2,Chinatown,proba_threshold,2.2495082313019568
0.2,Crop,dqn,1.932309657722656
0.2,Crop,dqn_sr,1.9004607769674962
0.2,Crop,stopping_rule,1.8441739023744579
0.2,Crop,proba_threshold,1.9315157533157112
0.2,DhakaHourlyAirQuality,dqn,2.599360187044516
0.2,DhakaHourlyAirQuality,dqn_sr,2.8177462195850653
0.2,DhakaHourlyAirQuality,stopping_rule,2.599360187044516
0.2,DhakaHourlyAirQuality,proba_threshold,2.599360187044516
0.2,DodgerLoopDay,dqn,3.266555378840709
0.2,DodgerLoopDay,dqn_sr,2.554321663784911
0.2,DodgerLoopDay,stopping_rule,2.157767066277302
0.2,DodgerLoopDay,proba_threshold,3.0122184720097507
0.2,ElectricityPredictor,dqn,5.056763581897951
0.2,ElectricityPredictor,dqn_sr,5.056763581897951
0.2,ElectricityPredictor,stopping_rule,5.056763581897951
0.2,ElectricityPredictor,proba_threshold,5.056763581897951
0.2,EOGVerticalSignal,dqn,2.640189920804489
0.2,EOGVerticalSignal,dqn_sr,2.640189920804489
0.2,EOGVerticalSignal,stopping_rule,2.640189920804489
0.2,EOGVerticalSignal,proba_threshold,2.640189920804489
0.2,FloodModeling3,dqn,4.829202597258159
0.2,FloodModeling3,dqn_sr,4.843033959341293
0.2,FloodModeling3,stopping_rule,4.829202597258159
0.2,FloodModeling3,proba_threshold,4.829202597258159
0.2,GestureMidAirD1,dqn,1.9698854274745494
0.2,GestureMidAirD1,dqn_sr,1.9698854274745494
0.2,GestureMidAirD1,stopping_rule,1.9698854274745494
0.2,GestureMidAirD1,proba_threshold,1.9698854274745494
0.2,GunPointAgeSpan,dqn,2.6846683190040044
0.2,GunPointAgeSpan,dqn_sr,2.519998814857869
0.2,GunPointAgeSpan,stopping_rule,2.981399762777867
0.2,GunPointAgeSpan,proba_threshold,4.462663199484574
0.2,HouseholdPowerConsumption1,dqn,4.938500649682242
0.2,HouseholdPowerConsumption1,dqn_sr,4.774078438678345
0.2,HouseholdPowerConsumption1,stopping_rule,4.884936729116446
0.2,HouseholdPowerConsumption1,proba_threshold,4.9435651079031535
0.2,HouseTwenty,dqn,1.879774318483122
0.2,HouseTwenty,dqn_sr,1.9416502372129698
0.2,HouseTwenty,stopping_rule,1.562027011590027
0.2,HouseTwenty,proba_threshold,3.556872777507587
0.2,HotwaterPredictor,dqn,3.855917242896476
0.2,HotwaterPredictor,dqn_sr,4.55821879086196
0.2,HotwaterPredictor,stopping_rule,4.046964818533531
0.2,HotwaterPredictor,proba_threshold,3.855917242896476
0.2,InsectEPGRegularTrain,dqn,1.0144984425922257
0.2,InsectEPGRegularTrain,dqn_sr,1.0144984425922257
0.2,InsectEPGRegularTrain,stopping_rule,1.8547697357561377
0.2,InsectEPGRegularTrain,proba_threshold,1.0144984425922257
0.2,MadridPM10Quality_nmv,dqn,5.029619334992296
0.2,MadridPM10Quality_nmv,dqn_sr,5.038297261927527
0.2,MadridPM10Quality_nmv,stopping_rule,5.029619334992296
0.2,MadridPM10Quality_nmv,proba_threshold,5.029619334992296
0.2,MelbournePedestrian,dqn,3.4182355206500064
0.2,MelbournePedestrian,dqn_sr,1.9226797810701326
0.2,MelbournePedestrian,stopping_rule,1.9226797810701326
0.2,MelbournePedestrian,proba_threshold,1.9226797810701326
0.2,ParkingBirmingham_eq,dqn,5.1316968980110715
0.2,ParkingBirmingham_eq,dqn_sr,5.1316968980110715
0.2,ParkingBirmingham_eq,stopping_rule,5.1316968980110715
0.2,ParkingBirmingham_eq,proba_threshold,5.1316968980110715
0.2,PLAID,dqn,1.5488943287219898
0.2,PLAID,dqn_sr,1.609650772587518
0.2,PLAID,stopping_rule,1.535075279614065
0.2,PLAID,proba_threshold,1.7061566899279665
0.2,PrecipitationAndalusia_nmv,dqn,3.961812395227143
0.2,PrecipitationAndalusia_nmv,dqn_sr,3.989983134660255
0.2,PrecipitationAndalusia_nmv,stopping_rule,3.6335846270624446
0.2,PrecipitationAndalusia_nmv,proba_threshold,3.956413622306553
0.2,Rock,dqn,3.903683926219876
0.2,Rock,dqn_sr,3.98191272053839
0.2,Rock,stopping_rule,2.0666878440671614
0.2,Rock,proba_threshold,4.054144589065133
0.2,SemgHandGenderCh2,dqn,3.953860093464589
0.2,SemgHandGenderCh2,dqn_sr,3.6350828318172286
0.2,SemgHandGenderCh2,stopping_rule,3.9407987731416934
0.2,SemgHandGenderCh2,proba_threshold,3.9308574661150915
0.2,SmoothSubspace,dqn,4.504151779369488
0.2,SmoothSubspace,dqn_sr,4.504151779369488
0.2,SmoothSubspace,stopping_rule,4.504151779369488
0.2,SmoothSubspace,proba_threshold,4.504151779369488
0.2,SolarRadiationAndalusia_nmv,dqn,5.076121748521641
0.2,SolarRadiationAndalusia_nmv,dqn_sr,5.433373038236175
0.2,SolarRadiationAndalusia_nmv,stopping_rule,5.079971589219654
0.2,SolarRadiationAndalusia_nmv,proba_threshold,5.076121748521641
0.2,SteamPredictor,dqn,5.023841771198363
0.2,SteamPredictor,dqn_sr,5.482722802840067
0.2,SteamPredictor,stopping_rule,4.925721271308089
0.2,SteamPredictor,proba_threshold,5.045586475359075
0.2,TetuanEnergyConsumption,dqn,5.03687609564827
0.2,TetuanEnergyConsumption,dqn_sr,5.05626835674518
0.2,TetuanEnergyConsumption,stopping_rule,5.03687609564827
0.2,TetuanEnergyConsumption,proba_threshold,5.03687609564827
0.2,UMD,dqn,4.5964308558672755
0.2,UMD,dqn_sr,4.036017714342427
0.2,UMD,stopping_rule,4.826540781089827
0.2,UMD,proba_threshold,4.5964308558672755
0.2,WindTurbinePower,dqn,4.3745484432355735
0.2,WindTurbinePower,dqn_sr,4.503415978751901
0.2,WindTurbinePower,stopping_rule,4.401787258346153
0.2,WindTurbinePower,proba_threshold,5.017614732011907
0.3,AcousticContaminationMadrid_nmv,dqn,6.309443273341142
0.3,AcousticContaminationMadrid_nmv,dqn_sr,6.427126514901447
0.3,AcousticContaminationMadrid_nmv,stopping_rule,6.3375271380477525
0.3,AcousticContaminationMadrid_nmv,proba_threshold,6.3375271380477525
0.3,AluminiumConcentration,dqn,7.116795904552282
0.3,AluminiumConcentration,dqn_sr,7.23294681426879
0.3,AluminiumConcentration,stopping_rule,7.140314097252547
0.3,AluminiumConcentration,proba_threshold,6.914431839542923
0.3,BitcoinSentiment,dqn,5.26945948733545
0.3,BitcoinSentiment,dqn_sr,5.26945948733545
0.3,BitcoinSentiment,stopping_rule,5.286539819298465
0.3,BitcoinSentiment,proba_threshold,5.26945948733545
0.3,BME,dqn,1.2477134246792252
0.3,BME,dqn_sr,1.271211566476756
0.3,BME,stopping_rule,1.271211566476756
0.3,BME,proba_threshold,1.2594624955779905
0.3,ChilledWaterPredictor,dqn,6.119774593276829
0.3,ChilledWaterPredictor,dqn_sr,6.437988253177897
0.3,ChilledWaterPredictor,stopping_rule,6.346251557638122
0.3,ChilledWaterPredictor,proba_threshold,5.941025188256669
0.3,Chinatown,dqn,2.6426996604504143
0.3,Chinatown,dqn_sr,2.6403627131419003
0.3,Chinatown,stopping_rule,2.8656214326100704
0.3,Chinatown,proba_threshold,2.742846659438504
0.3,Crop,dqn,1.9902277364731167
0.3,Crop,dqn_sr,1.9028917974120996
0.3,Crop,stopping_rule,2.0307832800683
0.3,Crop,proba_threshold,1.9946248952623582
0.3,DhakaHourlyAirQuality,dqn,3.063071970872829
0.3,DhakaHourlyAirQuality,dqn_sr,3.2323363490759074
0.3,DhakaHourlyAirQuality,stopping_rule,3.1651406467557393
0.3,DhakaHourlyAirQuality,proba_threshold,3.1651406467557393
0.3,DodgerLoopDay,dqn,4.245699198879234
0.3,DodgerLoopDay,dqn_sr,4.202243259730321
0.3,DodgerLoopDay,stopping_rule,2.4948170163259724
0.3,DodgerLoopDay,proba_threshold,3.760691163008532
0.3,ElectricityPredictor,dqn,6.94524426584795
0.3,ElectricityPredictor,dqn_sr,6.94524426584795
0.3,ElectricityPredictor,stopping_rule,6.94524426584795
0.3,ElectricityPredictor,proba_threshold,6.94524426584795
0.3,EOGVerticalSignal,dqn,3.3296615935479634
0.3,EOGVerticalSignal,dqn_sr,3.685374047085489
0.3,EOGVerticalSignal,stopping_rule,3.3296615935479634
0.3,EOGVerticalSignal,proba_threshold,3.471513060652087
0.3,FloodModeling3,dqn,6.60666640303567
0.3,FloodModeling3,dqn_sr,6.60666640303567
0.3,FloodModeling3,stopping_rule,6.60666640303567
0.3,FloodModeling3,proba_threshold,6.60666640303567
0.3,GestureMidAirD1,dqn,2.32536543531474
0.3,GestureMidAirD1,dqn_sr,2.32536543531474
0.3,GestureMidAirD1,stopping_rule,2.32536543531474
0.3,GestureMidAirD1,proba_threshold,2.32536543531474
0.3,GunPointAgeSpan,dqn,3.169642327563785
0.3,GunPointAgeSpan,dqn_sr,2.9687184751957565
0.3,GunPointAgeSpan,stopping_rule,3.046792862760233
0.3,GunPointAgeSpan,proba_threshold,5.652209661509768
0.3,HouseholdPowerConsumption1,dqn,6.85834762307813
0.3,HouseholdPowerConsumption1,dqn_sr,6.3912081700655765
0.3,HouseholdPowerConsumption1,stopping_rule,6.4311307242156674
0.3,HouseholdPowerConsumption1,proba_threshold,6.873263640224684
0.3,HouseTwenty,dqn,2.9404484318115993
0.3,HouseTwenty,dqn_sr,1.1936521870149832
0.3,HouseTwenty,stopping_rule,1.3667736351412734
0.3,HouseTwenty,proba_threshold,4.674763680319138
0.3,HotwaterPredictor,dqn,5.143974757345738
0.3,HotwaterPredictor,dqn_sr,5.143974757345738
0.3,HotwaterPredictor,stopping_rule,5.429065914330048
0.3,HotwaterPredictor,proba_threshold,5.143974757345738
0.3,InsectEPGRegularTrain,dqn,0.8876861372681967
0.3,InsectEPGRegularTrain,dqn_sr,0.8876861372681967
0.3,InsectEPGRegularTrain,stopping_rule,1.62292351878662
0.3,InsectEPGRegularTrain,proba_threshold,0.8876861372681967
0.3,MadridPM10Quality_nmv,dqn,6.904527895489466
0.3,MadridPM10Quality_nmv,dqn_sr,6.920369269715602
0.3,MadridPM10Quality_nmv,stopping_rule,6.904527895489466
0.3,MadridPM10Quality_nmv,proba_threshold,6.904527895489466
0.3,MelbournePedestrian,dqn,3.7038353829734976
0.3,MelbournePedestrian,dqn_sr,2.150120037794164
0.3,MelbournePedestrian,stopping_rule,2.150120037794164
0.3,MelbournePedestrian,proba_threshold,2.150120037794164
0.3,ParkingBirmingham_eq,dqn,7.042260660693072
0.3,ParkingBirmingham_eq,dqn_sr,7.120883306036927
0.3,ParkingBirmingham_eq,stopping_rule,6.87395341199497
0.3,ParkingBirmingham_eq,proba_threshold,6.87395341199497
0.3,PLAID,dqn,1.5474062187356847
0.3,PLAID,dqn_sr,1.5471546954718125
0.3,PLAID,stopping_rule,1.6637910645434033
0.3,PLAID,proba_threshold,1.7068963916126674
0.3,PrecipitationAndalusia_nmv,dqn,5.349527322035644
0.3,PrecipitationAndalusia_nmv,dqn_sr,4.92378496992948
0.3,PrecipitationAndalusia_nmv,stopping_rule,4.606985558580629
0.3,PrecipitationAndalusia_nmv,proba_threshold,5.258272810607342
0.3,Rock,dqn,5.2252472449662
0.3,Rock,dqn_sr,5.390881641096435
0.3,Rock,stopping_rule,1.8559709111778138
0.3,Rock,proba_threshold,5.36285270590818
0.3,SemgHandGenderCh2,dqn,5.249515834473023
0.3,SemgHandGenderCh2,dqn_sr,4.867958015358088
0.3,SemgHandGenderCh2,stopping_rule,3.7660128097490135
0.3,SemgHandGenderCh2,proba_threshold,5.2343720777225
0.3,SmoothSubspace,dqn,6.076549473614968
0.3,SmoothSubspace,dqn_sr,6.076549473614968
0.3,SmoothSubspace,stopping_rule,6.076549473614968
0.3,SmoothSubspace,proba_threshold,6.076549473614968
0.3,SolarRadiationAndalusia_nmv,dqn,6.978735242827724
0.3,SolarRadiationAndalusia_nmv,dqn_sr,6.978735242827724
0.3,SolarRadiationAndalusia_nmv,stopping_rule,6.982103853438485
0.3,SolarRadiationAndalusia_nmv,proba_threshold,6.978735242827724
0.3,SteamPredictor,dqn,7.78265628628837
0.3,SteamPredictor,dqn_sr,6.91627705482808
0.3,SteamPredictor,stopping_rule,6.6738950012834675
0.3,SteamPredictor,proba_threshold,6.91627705482808
0.3,TetuanEnergyConsumption,dqn,6.909539310964966
0.3,TetuanEnergyConsumption,dqn_sr,6.909539310964966
0.3,TetuanEnergyConsumption,stopping_rule,6.909539310964966
0.3,TetuanEnergyConsumption,proba_threshold,6.909539310964966
0.3,UMD,dqn,6.097873930129456
0.3,UMD,dqn_sr,4.898526872753513
0.3,UMD,stopping_rule,6.547086819817235
0.3,UMD,proba_threshold,6.0417633625202285
0.3,WindTurbinePower,dqn,5.779406065719006
0.3,WindTurbinePower,dqn_sr,5.947324918907912
0.3,WindTurbinePower,stopping_rule,5.662110726052882
0.3,WindTurbinePower,proba_threshold,6.880647265510419
0.4,AcousticContaminationMadrid_nmv,dqn,8.053490450814472
0.4,AcousticContaminationMadrid_nmv,dqn_sr,8.033637499756752
0.4,AcousticContaminationMadrid_nmv,stopping_rule,8.011531197691722
0.4,AcousticContaminationMadrid_nmv,proba_threshold,8.011531197691722
0.4,AluminiumConcentration,dqn,8.459341532014427
0.4,AluminiumConcentration,dqn_sr,8.10236783610444
0.4,AluminiumConcentration,stopping_rule,8.094570057660158
0.4,AluminiumConcentration,proba_threshold,8.798915877582521
0.4,BitcoinSentiment,dqn,6.536679560573243
0.4,BitcoinSentiment,dqn_sr,6.536679560573243
0.4,BitcoinSentiment,stopping_rule,6.5470341308272575
0.4,BitcoinSentiment,proba_threshold,6.536679560573243
0.4,BME,dqn,1.1408972211536215
0.4,BME,dqn_sr,1.1876050037908448
0.4,BME,stopping_rule,1.1675319920450116
0.4,BME,proba_threshold,1.1542146065993164
0.4,ChilledWaterPredictor,dqn,8.829168130229077
0.4,ChilledWaterPredictor,dqn_sr,7.69595433646646
0.4,ChilledWaterPredictor,stopping_rule,7.929292225387541
0.4,ChilledWaterPredictor,proba_threshold,7.476365275234495
0.4,Chinatown,dqn,3.031217194981844
0.4,Chinatown,dqn_sr,4.9506166859479475
0.4,Chinatown,stopping_rule,3.224296097383131
0.4,Chinatown,proba_threshold,3.1190605775217897
0.4,Crop,dqn,2.042955267088991
0.4,Crop,dqn_sr,1.9664732087350831
0.4,Crop,stopping_rule,2.20390656631556
0.4,Crop,proba_threshold,2.052508432938219
0.4,DhakaHourlyAirQuality,dqn,3.5834750395743367
0.4,DhakaHourlyAirQuality,dqn_sr,3.7028065466271283
0.4,DhakaHourlyAirQuality,stopping_rule,3.7309211064669614
0.4,DhakaHourlyAirQuality,proba_threshold,3.7309211064669614
0.4,DodgerLoopDay,dqn,4.434391390984607
0.4,DodgerLoopDay,dqn_sr,4.46265647743343
0.4,DodgerLoopDay,stopping_rule,2.8318669663746436
0.4,DodgerLoopDay,proba_threshold,4.509163854007313
0.4,ElectricityPredictor,dqn,8.833724949797949
0.4,ElectricityPredictor,dqn_sr,8.833724949797949
0.4,ElectricityPredictor,stopping_rule,8.833724949797949
0.4,ElectricityPredictor,proba_threshold,8.833724949797949
0.4,EOGVerticalSignal,dqn,3.0075930931593002
0.4,EOGVerticalSignal,dqn_sr,3.581125176354833
0.4,EOGVerticalSignal,stopping_rule,4.136840081244859
0.4,EOGVerticalSignal,proba_threshold,3.8097897007424186
0.4,FloodModeling3,dqn,8.383824951179312
0.4,FloodModeling3,dqn_sr,8.384130208813183
0.4,FloodModeling3,stopping_rule,8.383824951179312
0.4,FloodModeling3,proba_threshold,8.383824951179312
0.4,GestureMidAirD1,dqn,2.6808454431549316
0.4,GestureMidAirD1,dqn_sr,2.688601926849053
0.4,GestureMidAirD1,stopping_rule,2.6808454431549316
0.4,GestureMidAirD1,proba_threshold,2.6808454431549316
0.4,GunPointAgeSpan,dqn,3.056472749192299
0.4,GunPointAgeSpan,dqn_sr,3.414209595386133
0.4,GunPointAgeSpan,stopping_rule,3.310143011285775
0.4,GunPointAgeSpan,proba_threshold,6.064263333558896
0.4,HouseholdPowerConsumption1,dqn,8.103152219456636
0.4,HouseholdPowerConsumption1,dqn_sr,7.766843888284743
0.4,HouseholdPowerConsumption1,stopping_rule,7.35252636817623
0.4,HouseholdPowerConsumption1,proba_threshold,8.001489257423351
0.4,HouseTwenty,dqn,5.219537558217212
0.4,HouseTwenty,dqn_sr,3.553230373731504
0.4,HouseTwenty,stopping_rule,1.1715202586925202
0.4,HouseTwenty,proba_threshold,5.827044602633576
0.4,HotwaterPredictor,dqn,7.572988982320744
0.4,HotwaterPredictor,dqn_sr,8.243297671806213
0.4,HotwaterPredictor,stopping_rule,6.811167010126563
0.4,HotwaterPredictor,proba_threshold,6.432032271794998
0.4,InsectEPGRegularTrain,dqn,0.7608738319441688
0.4,InsectEPGRegularTrain,dqn_sr,0.7608738319441688
0.4,InsectEPGRegularTrain,stopping_rule,1.3910773018171034
0.4,InsectEPGRegularTrain,proba_threshold,0.7608738319441688
0.4,MadridPM10Quality_nmv,dqn,8.783857560475742
0.4,MadridPM10Quality_nmv,dqn_sr,8.741515465736022
0.4,MadridPM10Quality_nmv,stopping_rule,8.77943645598664
0.4,MadridPM10Quality_nmv,proba_threshold,8.77943645598664
0.4,MelbournePedestrian,dqn,3.7618907844092897
0.4,MelbournePedestrian,dqn_sr,2.377560294518196
0.4,MelbournePedestrian,stopping_rule,2.377560294518196
0.4,MelbournePedestrian,proba_threshold,2.377560294518196
0.4,ParkingBirmingham_eq,dqn,8.79094820957612
0.4,ParkingBirmingham_eq,dqn_sr,9.081286287835253
0.4,ParkingBirmingham_eq,stopping_rule,8.580623958377622
0.4,ParkingBirmingham_eq,proba_threshold,8.41645230086532
0.4,PLAID,dqn,1.6778514540091447
0.4,PLAID,dqn_sr,1.5846553791869478
0.4,PLAID,stopping_rule,1.6220376307320281
0.4,PLAID,proba_threshold,1.707636093297368
0.4,PrecipitationAndalusia_nmv,dqn,6.481601446961172
0.4,PrecipitationAndalusia_nmv,dqn_sr,6.161265469517394
0.4,PrecipitationAndalusia_nmv,stopping_rule,5.580386490098813
0.4,PrecipitationAndalusia_nmv,proba_threshold,6.560131998908131
0.4,Rock,dqn,6.546810563712527
0.4,Rock,dqn_sr,3.0152630027204386
0.4,Rock,stopping_rule,1.645253978288466
0.4,Rock,proba_threshold,6.671560822751231
0.4,SemgHandGenderCh2,dqn,6.955021329396548
0.4,SemgHandGenderCh2,dqn_sr,4.88917745969402
0.4,SemgHandGenderCh2,stopping_rule,4.184054935828826
0.4,SemgHandGenderCh2,proba_threshold,6.537886689329909
0.4,SmoothSubspace,dqn,7.64894716786045
0.4,SmoothSubspace,dqn_sr,7.64894716786045
0.4,SmoothSubspace,stopping_rule,7.64894716786045
0.4,SmoothSubspace,proba_threshold,7.179848440802832
0.4,SolarRadiationAndalusia_nmv,dqn,8.881348737133802
0.4,SolarRadiationAndalusia_nmv,dqn_sr,8.881348737133802
0.4,SolarRadiationAndalusia_nmv,stopping_rule,8.884236117657313
0.4,SolarRadiationAndalusia_nmv,proba_threshold,8.881348737133802
0.4,SteamPredictor,dqn,8.459998328445858
0.4,SteamPredictor,dqn_sr,8.786967634297085
0.4,SteamPredictor,stopping_rule,8.229556919090076
0.4,SteamPredictor,proba_threshold,8.786967634297085
0.4,TetuanEnergyConsumption,dqn,8.78220252628166
0.4,TetuanEnergyConsumption,dqn_sr,8.78220252628166
0.4,TetuanEnergyConsumption,stopping_rule,8.78220252628166
0.4,TetuanEnergyConsumption,proba_threshold,8.78220252628166
0.4,UMD,dqn,7.538437394656416
0.4,UMD,dqn_sr,6.305126811766291
0.4,UMD,stopping_rule,8.267632858544644
0.4,UMD,proba_threshold,7.487095869173183
0.4,WindTurbinePower,dqn,7.252738616834433
0.4,WindTurbinePower,dqn_sr,6.663840106466165
0.4,WindTurbinePower,stopping_rule,6.922434193759615
0.4,WindTurbinePower,proba_threshold,8.74367979900893
0.5,AcousticContaminationMadrid_nmv,dqn,9.665475353973834
0.5,AcousticContaminationMadrid_nmv,dqn_sr,9.685535257335697
0.5,AcousticContaminationMadrid_nmv,stopping_rule,10.17780346152663
0.5,AcousticContaminationMadrid_nmv,proba_threshold,9.718251105363342
0.5,AluminiumConcentration,dqn,10.474145940117456
0.5,AluminiumConcentration,dqn_sr,9.227430159242886
0.5,AluminiumConcentration,stopping_rule,9.04882601806777
0.5,AluminiumConcentration,proba_threshold,10.557398441608457
0.5,BitcoinSentiment,dqn,7.807004435235203
0.5,BitcoinSentiment,dqn_sr,9.335915668386106
0.5,BitcoinSentiment,stopping_rule,7.807528442356045
0.5,BitcoinSentiment,proba_threshold,7.803899633811033
0.5,BME,dqn,1.078465285918336
0.5,BME,dqn_sr,4.4561304540359075
0.5,BME,stopping_rule,1.0638524176132675
0.5,BME,proba_threshold,1.048966717620643
0.5,ChilledWaterPredictor,dqn,9.843883807372153
0.5,ChilledWaterPredictor,dqn_sr,9.178947903022143
0.5,ChilledWaterPredictor,stopping_rule,9.51233289313696
0.5,ChilledWaterPredictor,proba_threshold,9.01170536221232
0.5,Chinatown,dqn,3.422071676821786
0.5,Chinatown,dqn_sr,3.422071676821786
0.5,Chinatown,stopping_rule,3.5829707621561937
0.5,Chinatown,proba_threshold,3.495274495605075
0.5,Crop,dqn,2.0388510826415858
0.5,Crop,dqn_sr,2.0415747913663234
0.5,Crop,stopping_rule,2.305666898106731
0.5,Crop,proba_threshold,2.0609792496707384
0.5,DhakaHourlyAirQuality,dqn,4.183544586352439
0.5,DhakaHourlyAirQuality,dqn_sr,4.346677922330839
0.5,DhakaHourlyAirQuality,stopping_rule,4.296701566178184
0.5,DhakaHourlyAirQuality,proba_threshold,4.296701566178184
0.5,DodgerLoopDay,dqn,5.161655780519102
0.5,DodgerLoopDay,dqn_sr,4.3501265652756205
0.5,DodgerLoopDay,stopping_rule,3.1689169164233135
0.5,DodgerLoopDay,proba_threshold,5.257636545006093
0.5,ElectricityPredictor,dqn,10.722205633747949
0.5,ElectricityPredictor,dqn_sr,11.960783263308127
0.5,ElectricityPredictor,stopping_rule,10.722205633747949
0.5,ElectricityPredictor,proba_threshold,10.722205633747949
0.5,EOGVerticalSignal,dqn,2.949581200215996
0.5,EOGVerticalSignal,dqn_sr,3.3171401584891766
0.5,EOGVerticalSignal,stopping_rule,3.782465424658714
0.5,EOGVerticalSignal,proba_threshold,4.14806634083275
0.5,FloodModeling3,dqn,10.158781230275764
0.5,FloodModeling3,dqn_sr,10.158781230275764
0.5,FloodModeling3,stopping_rule,10.15771644482334
0.5,FloodModeling3,proba_threshold,10.15771644482334
0.5,GestureMidAirD1,dqn,5.2861971701661625
0.5,GestureMidAirD1,dqn_sr,3.177746930633427
0.5,GestureMidAirD1,stopping_rule,3.0363254509951223
0.5,GestureMidAirD1,proba_threshold,3.0363254509951223
0.5,GunPointAgeSpan,dqn,4.227485074531918
0.5,GunPointAgeSpan,dqn_sr,3.866157795871533
0.5,GunPointAgeSpan,stopping_rule,3.4583376009071114
0.5,GunPointAgeSpan,proba_threshold,6.476317005608022
0.5,HouseholdPowerConsumption1,dqn,9.312900269983063
0.5,HouseholdPowerConsumption1,dqn_sr,8.399895988984222
0.5,HouseholdPowerConsumption1,stopping_rule,8.340671198286394
0.5,HouseholdPowerConsumption1,proba_threshold,9.239641518613514
0.5,HouseTwenty,dqn,5.367195488916491
0.5,HouseTwenty,dqn_sr,1.1453739131258942
0.5,HouseTwenty,stopping_rule,0.9762668822437668
0.5,HouseTwenty,proba_threshold,5.367195488916491
0.5,HotwaterPredictor,dqn,7.7200897862442615
0.5,HotwaterPredictor,dqn_sr,9.142585158223264
0.5,HotwaterPredictor,stopping_rule,9.753267518744554
0.5,HotwaterPredictor,proba_threshold,7.7200897862442615
0.5,InsectEPGRegularTrain,dqn,0.6340615266201409
0.5,InsectEPGRegularTrain,dqn_sr,0.6340615266201409
0.5,InsectEPGRegularTrain,stopping_rule,1.1592310848475866
0.5,InsectEPGRegularTrain,proba_threshold,0.6340615266201409
0.5,MadridPM10Quality_nmv,dqn,10.72684555346117
0.5,MadridPM10Quality_nmv,dqn_sr,10.469008318523038
0.5,MadridPM10Quality_nmv,stopping_rule,10.179338568195964
0.5,MadridPM10Quality_nmv,proba_threshold,10.654345016483814
0.5,MelbournePedestrian,dqn,3.320616650203486
0.5,MelbournePedestrian,dqn_sr,2.6050005512422274
0.5,MelbournePedestrian,stopping_rule,2.6050005512422274
0.5,MelbournePedestrian,proba_threshold,2.6050005512422274
0.5,ParkingBirmingham_eq,dqn,10.433258494269403
0.5,ParkingBirmingham_eq,dqn_sr,9.672510453826222
0.5,ParkingBirmingham_eq,stopping_rule,10.104061768920094
0.5,ParkingBirmingham_eq,proba_threshold,9.978427028076377
0.5,PLAID,dqn,1.7411586703785478
0.5,PLAID,dqn_sr,1.534325248360805
0.5,PLAID,stopping_rule,1.580284196920653
0.5,PLAID,proba_threshold,1.7083757949820693
0.5,PrecipitationAndalusia_nmv,dqn,7.8744631641517255
0.5,PrecipitationAndalusia_nmv,dqn_sr,6.827608488814614
0.5,PrecipitationAndalusia_nmv,stopping_rule,6.553787421616999
0.5,PrecipitationAndalusia_nmv,proba_threshold,7.861991187208922
0.5,Rock,dqn,7.893656602589353
0.5,Rock,dqn_sr,3.249400031281446
0.5,Rock,stopping_rule,1.4345370453991184
0.5,Rock,proba_threshold,7.98026893959428
0.5,SemgHandGenderCh2,dqn,8.181263310189305
0.5,SemgHandGenderCh2,dqn_sr,6.449645483638058
0.5,SemgHandGenderCh2,stopping_rule,4.602097061908636
0.5,SemgHandGenderCh2,proba_threshold,7.841401300937317
0.5,SmoothSubspace,dqn,7.970260519129606
0.5,SmoothSubspace,dqn_sr,9.545021138426591
0.5,SmoothSubspace,stopping_rule,6.937333389098999
0.5,SmoothSubspace,proba_threshold,8.124410737706064
0.5,SolarRadiationAndalusia_nmv,dqn,10.783962231439888
0.5,SolarRadiationAndalusia_nmv,dqn_sr,10.783962231439888
0.5,SolarRadiationAndalusia_nmv,stopping_rule,10.786368381876146
0.5,SolarRadiationAndalusia_nmv,proba_threshold,10.783962231439888
0.5,SteamPredictor,dqn,10.722621493012056
0.5,SteamPredictor,dqn_sr,10.677568948222728
0.5,SteamPredictor,stopping_rule,9.822778914056544
0.5,SteamPredictor,proba_threshold,10.65765821376609
0.5,TetuanEnergyConsumption,dqn,11.205786271125353
0.5,TetuanEnergyConsumption,dqn_sr,10.654865741598348
0.5,TetuanEnergyConsumption,stopping_rule,10.654865741598348
0.5,TetuanEnergyConsumption,proba_threshold,10.654865741598348
0.5,UMD,dqn,8.88206913395756
0.5,UMD,dqn_sr,8.45858567378316
0.5,UMD,stopping_rule,8.860994238296684
0.5,UMD,proba_threshold,8.932428375826138
0.5,WindTurbinePower,dqn,10.606712332507442
0.5,WindTurbinePower,dqn_sr,8.640520100545158
0.5,WindTurbinePower,stopping_rule,8.044029455084189
0.5,WindTurbinePower,proba_threshold,10.606712332507442
0.6,AcousticContaminationMadrid_nmv,dqn,10.8094560270222
0.6,AcousticContaminationMadrid_nmv,dqn_sr,11.357280190641287
0.6,AcousticContaminationMadrid_nmv,stopping_rule,11.756131658110192
0.6,AcousticContaminationMadrid_nmv,proba_threshold,11.385711995401781
0.6,AluminiumConcentration,dqn,11.648447983283562
0.6,AluminiumConcentration,dqn_sr,10.046451798598918
0.6,AluminiumConcentration,stopping_rule,10.00308197847538
0.6,AluminiumConcentration,proba_threshold,10.991950499318511
0.6,BitcoinSentiment,dqn,9.071119707048828
0.6,BitcoinSentiment,dqn_sr,9.211899565295033
0.6,BitcoinSentiment,stopping_rule,9.068022753884836
0.6,BitcoinSentiment,proba_threshold,9.070931059410738
0.6,BME,dqn,0.9590052017861375
0.6,BME,dqn_sr,0.9837716978196773
0.6,BME,stopping_rule,0.960172843181523
0.6,BME,proba_threshold,0.9684853246755083
0.6,ChilledWaterPredictor,dqn,11.36301559516898
0.6,ChilledWaterPredictor,dqn_sr,10.642003332231116
0.6,ChilledWaterPredictor,stopping_rule,10.994085273915516
0.6,ChilledWaterPredictor,proba_threshold,10.547045449190147
0.6,Chinatown,dqn,3.812926158661731
0.6,Chinatown,dqn_sr,3.812926158661731
0.6,Chinatown,stopping_rule,3.9416454269292562
0.6,Chinatown,proba_threshold,3.8714884136883625
0.6,Crop,dqn,2.026313780030508
0.6,Crop,dqn_sr,2.0143531628041607
0.6,Crop,stopping_rule,2.4187279629298293
0.6,Crop,proba_threshold,2.0694500664032573
0.6,DhakaHourlyAirQuality,dqn,5.287053485805368
0.6,DhakaHourlyAirQuality,dqn_sr,4.862482025889407
0.6,DhakaHourlyAirQuality,stopping_rule,4.862482025889407
0.6,DhakaHourlyAirQuality,proba_threshold,4.862482025889407
0.6,DodgerLoopDay,dqn,7.133424719845898
0.6,DodgerLoopDay,dqn_sr,9.82125151844398
0.6,DodgerLoopDay,stopping_rule,3.5059668664719843
0.6,DodgerLoopDay,proba_threshold,6.006109236004875
0.6,ElectricityPredictor,dqn,12.970324344952315
0.6,ElectricityPredictor,dqn_sr,12.610686317697947
0.6,ElectricityPredictor,stopping_rule,12.610686317697947
0.6,ElectricityPredictor,proba_threshold,12.610686317697947
0.6,EOGVerticalSignal,dqn,2.788564236834809
0.6,EOGVerticalSignal,dqn_sr,2.5242581697500266
0.6,EOGVerticalSignal,stopping_rule,3.8079025421172514
0.6,EOGVerticalSignal,proba_threshold,3.074246791691176
0.6,FloodModeling3,dqn,12.363311305268395
0.6,FloodModeling3,dqn_sr,11.864949266439268
0.6,FloodModeling3,stopping_rule,12.492073314139967
0.6,FloodModeling3,proba_threshold,11.931607938467367
0.6,GestureMidAirD1,dqn,6.188770904868907
0.6,GestureMidAirD1,dqn_sr,3.790537173001578
0.6,GestureMidAirD1,stopping_rule,3.4015227268431603
0.6,GestureMidAirD1,proba_threshold,3.3918054588353135
0.6,GunPointAgeSpan,dqn,5.250688732439843
0.6,GunPointAgeSpan,dqn_sr,6.4862585157738355
0.6,GunPointAgeSpan,stopping_rule,3.4983773977988597
0.6,GunPointAgeSpan,proba_threshold,6.888370677657149
0.6,HouseholdPowerConsumption1,dqn,9.822628347621388
0.6,HouseholdPowerConsumption1,dqn_sr,10.917433223976072
0.6,HouseholdPowerConsumption1,stopping_rule,9.00064088148623
0.6,HouseholdPowerConsumption1,proba_threshold,9.837610726087824
0.6,HouseTwenty,dqn,4.301905585649867
0.6,HouseTwenty,dqn_sr,0.8274846286399968
0.6,HouseTwenty,stopping_rule,0.7810135057950135
0.6,HouseTwenty,proba_threshold,4.2937563911331935
0.6,HotwaterPredictor,dqn,9.00814730069352
0.6,HotwaterPredictor,dqn_sr,12.244347926919145
0.6,HotwaterPredictor,stopping_rule,10.995391405641689
0.6,HotwaterPredictor,proba_threshold,9.00814730069352
0.6,InsectEPGRegularTrain,dqn,0.5072492212961128
0.6,InsectEPGRegularTrain,dqn_sr,0.5072492212961128
0.6,InsectEPGRegularTrain,stopping_rule,0.9273848678780688
0.6,InsectEPGRegularTrain,proba_threshold,0.5072492212961128
0.6,MadridPM10Quality_nmv,dqn,12.457023562149729
0.6,MadridPM10Quality_nmv,dqn_sr,11.615560179136175
0.6,MadridPM10Quality_nmv,stopping_rule,11.485984094807131
0.6,MadridPM10Quality_nmv,proba_threshold,12.529253576980981
0.6,MelbournePedestrian,dqn,3.0437147562191575
0.6,MelbournePedestrian,dqn_sr,2.8324408079662584
0.6,MelbournePedestrian,stopping_rule,2.2621833344757145
0.6,MelbournePedestrian,proba_threshold,2.8324408079662584
0.6,ParkingBirmingham_eq,dqn,11.274676938359361
0.6,ParkingBirmingham_eq,dqn_sr,10.732754666681279
0.6,ParkingBirmingham_eq,stopping_rule,10.764645334674828
0.6,ParkingBirmingham_eq,proba_threshold,11.19359185431761
0.6,PLAID,dqn,2.106618195788044
0.6,PLAID,dqn_sr,1.51079486478223
0.6,PLAID,stopping_rule,1.538530763109278
0.6,PLAID,proba_threshold,1.7091154966667694
0.6,PrecipitationAndalusia_nmv,dqn,8.386998332075242
0.6,PrecipitationAndalusia_nmv,dqn_sr,7.797567158715417
0.6,PrecipitationAndalusia_nmv,stopping_rule,7.527188353135182
0.6,PrecipitationAndalusia_nmv,proba_threshold,9.16385037550971
0.6,Rock,dqn,9.304548579819198
0.6,Rock,dqn_sr,5.135351573033994
0.6,Rock,stopping_rule,1.223820112509771
0.6,Rock,proba_threshold,9.288977056437327
0.6,SemgHandGenderCh2,dqn,9.326386186417816
0.6,SemgHandGenderCh2,dqn_sr,6.280352010436248
0.6,SemgHandGenderCh2,stopping_rule,5.020139187988447
0.6,SemgHandGenderCh2,proba_threshold,9.144915912544725
0.6,SmoothSubspace,dqn,10.004555135568346
0.6,SmoothSubspace,dqn_sr,10.274707241845388
0.6,SmoothSubspace,stopping_rule,7.809509890223591
0.6,SmoothSubspace,proba_threshold,10.827555148535557
0.6,SolarRadiationAndalusia_nmv,dqn,12.686575725745966
0.6,SolarRadiationAndalusia_nmv,dqn_sr,12.686575725745966
0.6,SolarRadiationAndalusia_nmv,stopping_rule,12.688500646094974
0.6,SolarRadiationAndalusia_nmv,proba_threshold,12.686575725745966
0.6,SteamPredictor,dqn,14.573046031472247
0.6,SteamPredictor,dqn_sr,12.551584773512895
0.6,SteamPredictor,stopping_rule,11.944911064067348
0.6,SteamPredictor,proba_threshold,13.500674199191703
0.6,TetuanEnergyConsumption,dqn,12.52752895691504
0.6,TetuanEnergyConsumption,dqn_sr,12.52752895691504
0.6,TetuanEnergyConsumption,stopping_rule,12.53267963291804
0.6,TetuanEnergyConsumption,proba_threshold,12.533857990857769
0.6,UMD,dqn,10.38988559246138
0.6,UMD,dqn_sr,9.16269769769005
0.6,UMD,stopping_rule,10.343299523240223
0.6,UMD,proba_threshold,10.377760882479093
0.6,WindTurbinePower,dqn,12.469744866005954
0.6,WindTurbinePower,dqn_sr,9.600364586072658
0.6,WindTurbinePower,stopping_rule,9.02037981406735
0.6,WindTurbinePower,proba_threshold,10.266910931746324
0.7,AcousticContaminationMadrid_nmv,dqn,13.514925762541527
0.7,AcousticContaminationMadrid_nmv,dqn_sr,13.03354337662364
0.7,AcousticContaminationMadrid_nmv,stopping_rule,13.098601852632502
0.7,AcousticContaminationMadrid_nmv,proba_threshold,13.053172885440226
0.7,AluminiumConcentration,dqn,11.426502557028567
0.7,AluminiumConcentration,dqn_sr,11.916216569736603
0.7,AluminiumConcentration,stopping_rule,10.957337938882993
0.7,AluminiumConcentration,proba_threshold,11.426502557028567
0.7,BitcoinSentiment,dqn,10.338339780286622
0.7,BitcoinSentiment,dqn_sr,10.34135642002625
0.7,BitcoinSentiment,stopping_rule,10.328517065413628
0.7,BitcoinSentiment,proba_threshold,10.335698294558053
0.7,BME,dqn,0.8561700806419105
0.7,BME,dqn_sr,0.8473255087452034
0.7,BME,stopping_rule,0.8564932687497785
0.7,BME,proba_threshold,0.8627276298702679
0.7,ChilledWaterPredictor,dqn,13.161830687026935
0.7,ChilledWaterPredictor,dqn_sr,12.578527801134149
0.7,ChilledWaterPredictor,stopping_rule,12.4231001873207
0.7,ChilledWaterPredictor,proba_threshold,12.082385536167974
0.7,Chinatown,dqn,4.203780640501676
0.7,Chinatown,dqn_sr,4.203780640501676
0.7,Chinatown,stopping_rule,5.410103753696744
0.7,Chinatown,proba_threshold,5.5499190884412855
0.7,Crop,dqn,2.035212616930201
0.7,Crop,dqn_sr,2.0996269501336338
0.7,Crop,stopping_rule,2.477948811342735
0.7,Crop,proba_threshold,2.0779208831357767
0.7,DhakaHourlyAirQuality,dqn,5.602134417607754
0.7,DhakaHourlyAirQuality,dqn_sr,5.42826248560063
0.7,DhakaHourlyAirQuality,stopping_rule,5.42826248560063
0.7,DhakaHourlyAirQuality,proba_threshold,5.42826248560063
0.7,DodgerLoopDay,dqn,5.292707193379165
0.7,DodgerLoopDay,dqn_sr,3.9584774170539334
0.7,DodgerLoopDay,stopping_rule,3.8430168165206546
0.7,DodgerLoopDay,proba_threshold,6.754581927003656
0.7,ElectricityPredictor,dqn,14.894325315760398
0.7,ElectricityPredictor,dqn_sr,15.111298041099161
0.7,ElectricityPredictor,stopping_rule,14.858830128211062
0.7,ElectricityPredictor,proba_threshold,14.762172617743515
0.7,EOGVerticalSignal,dqn,2.657789121193333
0.7,EOGVerticalSignal,dqn_sr,2.8596988769121356
0.7,EOGVerticalSignal,stopping_rule,2.949963603835645
0.7,EOGVerticalSignal,proba_threshold,2.672657570832602
0.7,FloodModeling3,dqn,13.675969083130889
0.7,FloodModeling3,dqn_sr,13.939917439247969
0.7,FloodModeling3,stopping_rule,13.174761507344106
0.7,FloodModeling3,proba_threshold,13.705499432111393
0.7,GestureMidAirD1,dqn,4.3654914482138265
0.7,GestureMidAirD1,dqn_sr,4.157525826712279
0.7,GestureMidAirD1,stopping_rule,4.125899185127299
0.7,GestureMidAirD1,proba_threshold,3.747285466675505
0.7,GunPointAgeSpan,dqn,8.790233402809548
0.7,GunPointAgeSpan,dqn_sr,7.310131010314503
0.7,GunPointAgeSpan,stopping_rule,3.5384171946906084
0.7,GunPointAgeSpan,proba_threshold,7.300424349706278
0.7,HouseholdPowerConsumption1,dqn,10.261792003157655
0.7,HouseholdPowerConsumption1,dqn_sr,8.488633372681663
0.7,HouseholdPowerConsumption1,stopping_rule,9.245257667422836
0.7,HouseholdPowerConsumption1,proba_threshold,10.255624859727916
0.7,HouseTwenty,dqn,3.2203172933498956
0.7,HouseTwenty,dqn_sr,1.1326918174244578
0.7,HouseTwenty,stopping_rule,0.5857601293462602
0.7,HouseTwenty,proba_threshold,3.2203172933498956
0.7,HotwaterPredictor,dqn,10.296204815142783
0.7,HotwaterPredictor,dqn_sr,13.475572129105176
0.7,HotwaterPredictor,stopping_rule,12.022486950457685
0.7,HotwaterPredictor,proba_threshold,12.27693279822606
0.7,InsectEPGRegularTrain,dqn,0.3804369159720844
0.7,InsectEPGRegularTrain,dqn_sr,0.3804369159720844
0.7,InsectEPGRegularTrain,stopping_rule,0.6955386509085517
0.7,InsectEPGRegularTrain,proba_threshold,0.3804369159720844
0.7,MadridPM10Quality_nmv,dqn,14.425826477366646
0.7,MadridPM10Quality_nmv,dqn_sr,13.01068143630919
0.7,MadridPM10Quality_nmv,stopping_rule,13.013531736278098
0.7,MadridPM10Quality_nmv,proba_threshold,14.423020973867956
0.7,MelbournePedestrian,dqn,2.8369035556444997
0.7,MelbournePedestrian,dqn_sr,2.8017637262690815
0.7,MelbournePedestrian,stopping_rule,2.1231030143903764
0.7,MelbournePedestrian,proba_threshold,2.7070191182976004
0.7,ParkingBirmingham_eq,dqn,12.038334104943345
0.7,ParkingBirmingham_eq,dqn_sr,11.464466525800379
0.7,ParkingBirmingham_eq,stopping_rule,11.133785508543808
0.7,ParkingBirmingham_eq,proba_threshold,11.666550674657804
0.7,PLAID,dqn,1.7992619484860124
0.7,PLAID,dqn_sr,1.6828817954502309
0.7,PLAID,stopping_rule,1.4967773292979027
0.7,PLAID,proba_threshold,1.7098551983514705
0.7,PrecipitationAndalusia_nmv,dqn,8.81166427355704
0.7,PrecipitationAndalusia_nmv,dqn_sr,8.702055550993835
0.7,PrecipitationAndalusia_nmv,stopping_rule,8.500589284653367
0.7,PrecipitationAndalusia_nmv,proba_threshold,10.465709563810503
0.7,Rock,dqn,10.597685173280377
0.7,Rock,dqn_sr,2.2706185934880265
0.7,Rock,stopping_rule,1.013103179620424
0.7,Rock,proba_threshold,6.8175858068169255
0.7,SemgHandGenderCh2,dqn,9.745780798699426
0.7,SemgHandGenderCh2,dqn_sr,6.792917037346382
0.7,SemgHandGenderCh2,stopping_rule,5.438181314068259
0.7,SemgHandGenderCh2,proba_threshold,9.470449282431565
0.7,SmoothSubspace,dqn,10.756575387029585
0.7,SmoothSubspace,dqn_sr,11.08697860499148
0.7,SmoothSubspace,stopping_rule,7.325882417667695
0.7,SmoothSubspace,proba_threshold,11.676221916957225
0.7,SolarRadiationAndalusia_nmv,dqn,14.589189220052054
0.7,SolarRadiationAndalusia_nmv,dqn_sr,14.589189220052054
0.7,SolarRadiationAndalusia_nmv,stopping_rule,14.590632910313804
0.7,SolarRadiationAndalusia_nmv,proba_threshold,14.589189220052054
0.7,SteamPredictor,dqn,18.020722868743302
0.7,SteamPredictor,dqn_sr,14.401131397850165
0.7,SteamPredictor,stopping_rule,13.408683298050518
0.7,SteamPredictor,proba_threshold,15.128283427171555
0.7,TetuanEnergyConsumption,dqn,14.400192172231742
0.7,TetuanEnergyConsumption,dqn_sr,14.401782451961264
0.7,TetuanEnergyConsumption,stopping_rule,14.820831985777003
0.7,TetuanEnergyConsumption,proba_threshold,14.402666220416059
0.7,UMD,dqn,10.672215316297725
0.7,UMD,dqn_sr,7.78931511645487
0.7,UMD,stopping_rule,13.157481739685004
0.7,UMD,proba_threshold,11.823093389132044
0.7,WindTurbinePower,dqn,14.332777399504469
0.7,WindTurbinePower,dqn_sr,10.346507820898706
0.7,WindTurbinePower,stopping_rule,10.333793381719353
0.7,WindTurbinePower,proba_threshold,10.574497182647288
0.8,AcousticContaminationMadrid_nmv,dqn,17.11248518394467
0.8,AcousticContaminationMadrid_nmv,dqn_sr,13.685063335769506
0.8,AcousticContaminationMadrid_nmv,stopping_rule,14.292586420273519
0.8,AcousticContaminationMadrid_nmv,proba_threshold,14.72063377547867
0.8,AluminiumConcentration,dqn,12.251499022137732
0.8,AluminiumConcentration,dqn_sr,11.694930227535483
0.8,AluminiumConcentration,stopping_rule,11.911593899290603
0.8,AluminiumConcentration,proba_threshold,12.168322846092389
0.8,BitcoinSentiment,dqn,11.605559853524412
0.8,BitcoinSentiment,dqn_sr,11.605559853524412
0.8,BitcoinSentiment,stopping_rule,11.589011376942416
0.8,BitcoinSentiment,proba_threshold,11.577915621258413
0.8,BME,dqn,0.6987895049522289
0.8,BME,dqn_sr,1.218451517193866
0.8,BME,stopping_rule,0.7528136943180342
0.8,BME,proba_threshold,0.7309969005688725
0.8,ChilledWaterPredictor,dqn,16.96035209801281
0.8,ChilledWaterPredictor,dqn_sr,13.62587472772678
0.8,ChilledWaterPredictor,stopping_rule,13.852115100725875
0.8,ChilledWaterPredictor,proba_threshold,13.617725623145798
0.8,Chinatown,dqn,6.225098289845186
0.8,Chinatown,dqn_sr,4.594635122341618
0.8,Chinatown,stopping_rule,5.757273470206427
0.8,Chinatown,proba_threshold,5.850483693369455
0.8,Crop,dqn,2.0639783291549034
0.8,Crop,dqn_sr,1.9546146105673696
0.8,Crop,stopping_rule,2.51356732162057
0.8,Crop,proba_threshold,2.086391699868295
0.8,DhakaHourlyAirQuality,dqn,5.803344954713908
0.8,DhakaHourlyAirQuality,dqn_sr,6.128124587632587
0.8,DhakaHourlyAirQuality,stopping_rule,5.994042945311854
0.8,DhakaHourlyAirQuality,proba_threshold,5.994042945311854
0.8,DodgerLoopDay,dqn,7.478130463661535
0.8,DodgerLoopDay,dqn_sr,4.261862276836303
0.8,DodgerLoopDay,stopping_rule,4.1800667665693245
0.8,DodgerLoopDay,proba_threshold,7.5030546180024364
0.8,ElectricityPredictor,dqn,16.572073991447933
0.8,ElectricityPredictor,dqn_sr,17.204385835619846
0.8,ElectricityPredictor,stopping_rule,16.63016658753165
0.8,ElectricityPredictor,proba_threshold,16.565728247219955
0.8,EOGVerticalSignal,dqn,2.268185300272892
0.8,EOGVerticalSignal,dqn_sr,3.3104286833308323
0.8,EOGVerticalSignal,stopping_rule,2.092024665554038
0.8,EOGVerticalSignal,proba_threshold,2.776684247416115
0.8,FloodModeling3,dqn,14.718775348852446
0.8,FloodModeling3,dqn_sr,13.684501764564597
0.8,FloodModeling3,stopping_rule,13.43306120237625
0.8,FloodModeling3,proba_threshold,14.742606916405096
0.8,GestureMidAirD1,dqn,4.117437845144695
0.8,GestureMidAirD1,dqn_sr,4.102765474515696
0.8,GestureMidAirD1,stopping_rule,4.257135404463951
0.8,GestureMidAirD1,proba_threshold,4.585993572840529
0.8,GunPointAgeSpan,dqn,8.355685964593516
0.8,GunPointAgeSpan,dqn_sr,4.2619948303975255
0.8,GunPointAgeSpan,stopping_rule,3.5784569915823567
0.8,GunPointAgeSpan,proba_threshold,7.74993701002714
0.8,HouseholdPowerConsumption1,dqn,9.248165091599072
0.8,HouseholdPowerConsumption1,dqn_sr,7.911179229068505
0.8,HouseholdPowerConsumption1,stopping_rule,8.143143549643733
0.8,HouseholdPowerConsumption1,proba_threshold,10.254137503384502
0.8,HouseTwenty,dqn,2.146878195566596
0.8,HouseTwenty,dqn_sr,0.5268006442232338
0.8,HouseTwenty,stopping_rule,0.39050675289750664
0.8,HouseTwenty,proba_threshold,2.246663079828363
0.8,HotwaterPredictor,dqn,11.584262329592041
0.8,HotwaterPredictor,dqn_sr,13.655065177715858
0.8,HotwaterPredictor,stopping_rule,13.049582495273675
0.8,HotwaterPredictor,proba_threshold,13.533678469257618
0.8,InsectEPGRegularTrain,dqn,0.2536246106480563
0.8,InsectEPGRegularTrain,dqn_sr,0.2536246106480563
0.8,InsectEPGRegularTrain,stopping_rule,0.46369243393903425
0.8,InsectEPGRegularTrain,proba_threshold,0.2536246106480563
0.8,MadridPM10Quality_nmv,dqn,15.828734511609873
0.8,MadridPM10Quality_nmv,dqn_sr,14.031388672596048
0.8,MadridPM10Quality_nmv,stopping_rule,13.49601256127397
0.8,MadridPM10Quality_nmv,proba_threshold,15.76315665630677
0.8,MelbournePedestrian,dqn,2.4619772167448417
0.8,MelbournePedestrian,dqn_sr,2.355132300015177
0.8,MelbournePedestrian,stopping_rule,1.8013347313061223
0.8,MelbournePedestrian,proba_threshold,2.296422531464455
0.8,ParkingBirmingham_eq,dqn,12.219337329008114
0.8,ParkingBirmingham_eq,dqn_sr,11.533424472956568
0.8,ParkingBirmingham_eq,stopping_rule,11.50292568241279
0.8,ParkingBirmingham_eq,proba_threshold,11.907198083154965
0.8,PLAID,dqn,1.9111079837912321
0.8,PLAID,dqn_sr,1.760605912576863
0.8,PLAID,stopping_rule,1.455023895486527
0.8,PLAID,proba_threshold,1.7105949000361707
0.8,PrecipitationAndalusia_nmv,dqn,10.089135447989342
0.8,PrecipitationAndalusia_nmv,dqn_sr,10.131936438924626
0.8,PrecipitationAndalusia_nmv,stopping_rule,9.473990216171552
0.8,PrecipitationAndalusia_nmv,proba_threshold,11.76756875211129
0.8,Rock,dqn,7.11856491590891
0.8,Rock,dqn_sr,1.9034239597273062
0.8,Rock,stopping_rule,0.802386246731076
0.8,Rock,proba_threshold,6.195850855338268
0.8,SemgHandGenderCh2,dqn,9.849363720941586
0.8,SemgHandGenderCh2,dqn_sr,8.766080681229571
0.8,SemgHandGenderCh2,stopping_rule,5.856223440148071
0.8,SemgHandGenderCh2,proba_threshold,9.734145675467195
0.8,SmoothSubspace,dqn,10.507745744387126
0.8,SmoothSubspace,dqn_sr,6.8362279268001975
0.8,SmoothSubspace,stopping_rule,6.842254945111795
0.8,SmoothSubspace,proba_threshold,10.394280224859976
0.8,SolarRadiationAndalusia_nmv,dqn,16.49180271435813
0.8,SolarRadiationAndalusia_nmv,dqn_sr,16.49180271435813
0.8,SolarRadiationAndalusia_nmv,stopping_rule,16.74792184075736
0.8,SolarRadiationAndalusia_nmv,proba_threshold,16.49180271435813
0.8,SteamPredictor,dqn,16.255960442799587
0.8,SteamPredictor,dqn_sr,16.48980551119068
0.8,SteamPredictor,stopping_rule,14.872455532033674
0.8,SteamPredictor,proba_threshold,16.7558926551514
0.8,TetuanEnergyConsumption,dqn,16.27285538754843
0.8,TetuanEnergyConsumption,dqn_sr,16.27285538754843
0.8,TetuanEnergyConsumption,stopping_rule,16.55631223294224
0.8,TetuanEnergyConsumption,proba_threshold,16.27147444997434
0.8,UMD,dqn,13.308579159867053
0.8,UMD,dqn_sr,8.172545614472433
0.8,UMD,stopping_rule,13.335075142965911
0.8,UMD,proba_threshold,9.08986218877798
0.8,WindTurbinePower,dqn,11.73171145683376
0.8,WindTurbinePower,dqn_sr,10.926616891811808
0.8,WindTurbinePower,stopping_rule,10.29023725447957
0.8,WindTurbinePower,proba_threshold,11.785663474995783
0.9,AcousticContaminationMadrid_nmv,dqn,17.57735828232654
0.9,AcousticContaminationMadrid_nmv,dqn_sr,16.06131189678706
0.9,AcousticContaminationMadrid_nmv,stopping_rule,15.486570987914535
0.9,AcousticContaminationMadrid_nmv,proba_threshold,15.904006781954678
0.9,AluminiumConcentration,dqn,12.376343323335917
0.9,AluminiumConcentration,dqn_sr,13.873710513826413
0.9,AluminiumConcentration,stopping_rule,12.86584985969821
0.9,AluminiumConcentration,proba_threshold,12.18469052357529
0.9,BitcoinSentiment,dqn,12.872779926762208
0.9,BitcoinSentiment,dqn_sr,12.872779926762208
0.9,BitcoinSentiment,stopping_rule,12.809009169594994
0.9,BitcoinSentiment,proba_threshold,12.828957810629205
0.9,BME,dqn,0.5572519944810446
0.9,BME,dqn_sr,0.5564363160351709
0.9,BME,stopping_rule,0.6491341198862899
0.9,BME,proba_threshold,0.6154984502844363
0.9,ChilledWaterPredictor,dqn,17.211676664892213
0.9,ChilledWaterPredictor,dqn_sr,17.00296489792864
0.9,ChilledWaterPredictor,stopping_rule,15.281130014131053
0.9,ChilledWaterPredictor,proba_threshold,15.153065710123622
0.9,Chinatown,dqn,6.346043680263266
0.9,Chinatown,dqn_sr,4.98548960418156
0.9,Chinatown,stopping_rule,6.104443186716116
0.9,Chinatown,proba_threshold,6.1510482982976304
0.9,Crop,dqn,2.073487729377565
0.9,Crop,dqn_sr,2.1366947791423367
0.9,Crop,stopping_rule,2.3977370578818205
0.9,Crop,proba_threshold,2.0948625166008146
0.9,DhakaHourlyAirQuality,dqn,5.310068263247407
0.9,DhakaHourlyAirQuality,dqn_sr,6.559823405023076
0.9,DhakaHourlyAirQuality,stopping_rule,6.559823405023076
0.9,DhakaHourlyAirQuality,proba_threshold,6.559823405023076
0.9,DodgerLoopDay,dqn,5.3559654932890055
0.9,DodgerLoopDay,dqn_sr,4.649216344593502
0.9,DodgerLoopDay,stopping_rule,4.517116716617996
0.9,DodgerLoopDay,proba_threshold,8.251527309001219
0.9,ElectricityPredictor,dqn,18.5376076278311
0.9,ElectricityPredictor,dqn_sr,18.366724028869196
0.9,ElectricityPredictor,stopping_rule,18.401503046852245
0.9,ElectricityPredictor,proba_threshold,18.369283876696397
0.9,EOGVerticalSignal,dqn,2.006717205018503
0.9,EOGVerticalSignal,dqn_sr,1.8762596424856126
0.9,EOGVerticalSignal,stopping_rule,1.234085727272432
0.9,EOGVerticalSignal,proba_threshold,2.085589830130076
0.9,FloodModeling3,dqn,14.609511369900167
0.9,FloodModeling3,dqn_sr,11.742295106655893
0.9,FloodModeling3,stopping_rule,11.606038795153818
0.9,FloodModeling3,proba_threshold,13.964780450898308
0.9,GestureMidAirD1,dqn,4.5277927606442905
0.9,GestureMidAirD1,dqn_sr,4.4582454823558875
0.9,GestureMidAirD1,stopping_rule,4.3883716238006025
0.9,GestureMidAirD1,proba_threshold,4.567506590341834
0.9,GunPointAgeSpan,dqn,7.83637956766261
0.9,GunPointAgeSpan,dqn_sr,4.980352836643672
0.9,GunPointAgeSpan,stopping_rule,3.618496788474105
0.9,GunPointAgeSpan,proba_threshold,8.143261187940398
0.9,HouseholdPowerConsumption1,dqn,7.220048884455086
0.9,HouseholdPowerConsumption1,dqn_sr,6.648618158488359
0.9,HouseholdPowerConsumption1,stopping_rule,6.367867159387553
0.9,HouseholdPowerConsumption1,proba_threshold,7.530349892911674
0.9,HouseTwenty,dqn,3.5753407671055952
0.9,HouseTwenty,dqn_sr,0.8024660035163838
0.9,HouseTwenty,stopping_rule,0.19525337644875332
0.9,HouseTwenty,proba_threshold,1.1233315399141814
0.9,HotwaterPredictor,dqn,13.34824799995848
0.9,HotwaterPredictor,dqn_sr,15.143761845219565
0.9,HotwaterPredictor,stopping_rule,14.07667804008967
0.9,HotwaterPredictor,proba_threshold,14.790424140289186
0.9,InsectEPGRegularTrain,dqn,0.12681230532402815
0.9,InsectEPGRegularTrain,dqn_sr,0.12681230532402815
0.9,InsectEPGRegularTrain,stopping_rule,0.23184621696951713
0.9,InsectEPGRegularTrain,proba_threshold,0.12681230532402815
0.9,MadridPM10Quality_nmv,dqn,15.833012037732633
0.9,MadridPM10Quality_nmv,dqn_sr,15.926046594160194
0.9,MadridPM10Quality_nmv,stopping_rule,14.497311581244283
0.9,MadridPM10Quality_nmv,proba_threshold,16.07720889935952
0.9,MelbournePedestrian,dqn,1.9685174843145432
0.9,MelbournePedestrian,dqn_sr,1.9654378187816905
0.9,MelbournePedestrian,stopping_rule,1.9455092764128603
0.9,MelbournePedestrian,proba_threshold,1.845735506011158
0.9,ParkingBirmingham_eq,dqn,12.50035709763047
0.9,ParkingBirmingham_eq,dqn_sr,12.041266707085986
0.9,ParkingBirmingham_eq,stopping_rule,11.834500653966126
0.9,ParkingBirmingham_eq,proba_threshold,11.827970900873964
0.9,PLAID,dqn,1.7859180625361044
0.9,PLAID,dqn_sr,1.359589022341665
0.9,PLAID,stopping_rule,1.2867820077898717
0.9,PLAID,proba_threshold,1.830685842860544
0.9,PrecipitationAndalusia_nmv,dqn,9.684092008433062
0.9,PrecipitationAndalusia_nmv,dqn_sr,12.724372196543722
0.9,PrecipitationAndalusia_nmv,stopping_rule,10.447391147689736
0.9,PrecipitationAndalusia_nmv,proba_threshold,12.200339680755294
0.9,Rock,dqn,13.222097873171137
0.9,Rock,dqn_sr,1.2011973567857759
0.9,Rock,stopping_rule,0.5916693138417285
0.9,Rock,proba_threshold,5.574115903859611
0.9,SemgHandGenderCh2,dqn,8.59931221552119
0.9,SemgHandGenderCh2,dqn_sr,10.41952090352825
0.9,SemgHandGenderCh2,stopping_rule,6.2742655662278795
0.9,SemgHandGenderCh2,proba_threshold,8.5309925452211
0.9,SmoothSubspace,dqn,7.29436233465221
0.9,SmoothSubspace,dqn_sr,7.961184388042458
0.9,SmoothSubspace,stopping_rule,7.43251270969459
0.9,SmoothSubspace,proba_threshold,7.29436233465221
0.9,SolarRadiationAndalusia_nmv,dqn,18.39441620866421
0.9,SolarRadiationAndalusia_nmv,dqn_sr,18.39489743875146
0.9,SolarRadiationAndalusia_nmv,stopping_rule,18.52742626691333
0.9,SolarRadiationAndalusia_nmv,proba_threshold,18.39441620866421
0.9,SteamPredictor,dqn,20.74824971295014
0.9,SteamPredictor,dqn_sr,18.388747837309964
0.9,SteamPredictor,stopping_rule,16.33622776601684
0.9,SteamPredictor,proba_threshold,19.144517566857257
0.9,TetuanEnergyConsumption,dqn,18.145518602865124
0.9,TetuanEnergyConsumption,dqn_sr,18.132395450835737
0.9,TetuanEnergyConsumption,stopping_rule,18.29179248010749
0.9,TetuanEnergyConsumption,proba_threshold,18.140282679532625
0.9,UMD,dqn,14.74125471729122
0.9,UMD,dqn_sr,14.798032222563698
0.9,UMD,stopping_rule,10.14888722103633
0.9,UMD,proba_threshold,9.147203821661718
0.9,WindTurbinePower,dqn,10.509200840752122
0.9,WindTurbinePower,dqn_sr,9.673022043417879
0.9,WindTurbinePower,stopping_rule,9.476295581547102
0.9,WindTurbinePower,proba_threshold,10.388925487497891
1.0,AcousticContaminationMadrid_nmv,dqn,15.305555555555555
1.0,AcousticContaminationMadrid_nmv,dqn_sr,15.305555555555555
1.0,AcousticContaminationMadrid_nmv,stopping_rule,15.305555555555555
1.0,AcousticContaminationMadrid_nmv,proba_threshold,15.305555555555555
1.0,AluminiumConcentration,dqn,10.121693121693122
1.0,AluminiumConcentration,dqn_sr,10.65079365079365
1.0,AluminiumConcentration,stopping_rule,13.82010582010582
1.0,AluminiumConcentration,proba_threshold,12.201058201058201
1.0,BitcoinSentiment,dqn,14.14
1.0,BitcoinSentiment,dqn_sr,14.11
1.0,BitcoinSentiment,stopping_rule,14.05
1.0,BitcoinSentiment,proba_threshold,14.08
1.0,BME,dqn,2.3636363636363638
1.0,BME,dqn_sr,2.3636363636363638
1.0,BME,stopping_rule,0.13636363636363635
1.0,BME,proba_threshold,0.11363636363636363
1.0,ChilledWaterPredictor,dqn,17.405797101449274
1.0,ChilledWaterPredictor,dqn_sr,16.695652173913043
1.0,ChilledWaterPredictor,stopping_rule,16.695652173913043
1.0,ChilledWaterPredictor,proba_threshold,16.68840579710145
1.0,Chinatown,dqn,5.376344086021505
1.0,Chinatown,dqn_sr,4.301075268817204
1.0,Chinatown,stopping_rule,5.376344086021505
1.0,Chinatown,proba_threshold,6.451612903225806
1.0,Crop,dqn,0.8238888888888889
1.0,Crop,dqn_sr,0.9080555555555555
1.0,Crop,stopping_rule,0.7470833333333333
1.0,Crop,proba_threshold,0.81
1.0,DhakaHourlyAirQuality,dqn,4.52012882447665
1.0,DhakaHourlyAirQuality,dqn_sr,7.125603864734299
1.0,DhakaHourlyAirQuality,stopping_rule,6.644122383252818
1.0,DhakaHourlyAirQuality,proba_threshold,7.125603864734299
1.0,DodgerLoopDay,dqn,6.75
1.0,DodgerLoopDay,dqn_sr,6.666666666666667
1.0,DodgerLoopDay,stopping_rule,0.7708333333333334
1.0,DodgerLoopDay,proba_threshold,9.0
1.0,ElectricityPredictor,dqn,20.17283950617284
1.0,ElectricityPredictor,dqn_sr,20.17283950617284
1.0,ElectricityPredictor,stopping_rule,20.17283950617284
1.0,ElectricityPredictor,proba_threshold,20.17283950617284
1.0,EOGVerticalSignal,dqn,0.24770642201834864
1.0,EOGVerticalSignal,dqn_sr,0.22477064220183487
1.0,EOGVerticalSignal,stopping_rule,0.22018348623853212
1.0,EOGVerticalSignal,proba_threshold,0.27522935779816515
1.0,FloodModeling3,dqn,8.733695652173912
1.0,FloodModeling3,dqn_sr,8.733695652173912
1.0,FloodModeling3,stopping_rule,8.733695652173912
1.0,FloodModeling3,proba_threshold,8.733695652173912
1.0,GestureMidAirD1,dqn,1.4019607843137254
1.0,GestureMidAirD1,dqn_sr,3.3627450980392157
1.0,GestureMidAirD1,stopping_rule,1.3431372549019607
1.0,GestureMidAirD1,proba_threshold,1.4019607843137254
1.0,GunPointAgeSpan,dqn,7.317073170731708
1.0,GunPointAgeSpan,dqn_sr,4.878048780487805
1.0,GunPointAgeSpan,stopping_rule,6.097560975609756
1.0,GunPointAgeSpan,proba_threshold,4.878048780487805
1.0,HouseholdPowerConsumption1,dqn,1.4232558139534883
1.0,HouseholdPowerConsumption1,dqn_sr,1.6534883720930234
1.0,HouseholdPowerConsumption1,stopping_rule,1.655813953488372
1.0,HouseholdPowerConsumption1,proba_threshold,1.655813953488372
1.0,HouseTwenty,dqn,3.125
1.0,HouseTwenty,dqn_sr,3.125
1.0,HouseTwenty,stopping_rule,3.125
1.0,HouseTwenty,proba_threshold,0.0
1.0,HotwaterPredictor,dqn,12.283018867924529
1.0,HotwaterPredictor,dqn_sr,12.283018867924529
1.0,HotwaterPredictor,stopping_rule,13.226415094339623
1.0,HotwaterPredictor,proba_threshold,12.283018867924529
1.0,InsectEPGRegularTrain,dqn,0.0
1.0,InsectEPGRegularTrain,dqn_sr,0.0
1.0,InsectEPGRegularTrain,stopping_rule,0.0
1.0,InsectEPGRegularTrain,proba_threshold,0.0
1.0,MadridPM10Quality_nmv,dqn,14.231584015406836
1.0,MadridPM10Quality_nmv,dqn_sr,14.233509870004815
1.0,MadridPM10Quality_nmv,stopping_rule,14.115069812229176
1.0,MadridPM10Quality_nmv,proba_threshold,14.232065479056331
1.0,MelbournePedestrian,dqn,1.2201834862385321
1.0,MelbournePedestrian,dqn_sr,1.3137614678899083
1.0,MelbournePedestrian,stopping_rule,1.410091743119266
1.0,MelbournePedestrian,proba_threshold,1.1458715596330276
1.0,ParkingBirmingham_eq,dqn,11.763819095477388
1.0,ParkingBirmingham_eq,dqn_sr,10.924623115577889
1.0,ParkingBirmingham_eq,stopping_rule,11.608040201005025
1.0,ParkingBirmingham_eq,proba_threshold,11.914572864321608
1.0,PLAID,dqn,1.3839009287925697
1.0,PLAID,dqn_sr,1.0464396284829722
1.0,PLAID,stopping_rule,1.0743034055727554
1.0,PLAID,proba_threshold,1.0464396284829722
1.0,PrecipitationAndalusia_nmv,dqn,11.910891089108912
1.0,PrecipitationAndalusia_nmv,dqn_sr,10.92079207920792
1.0,PrecipitationAndalusia_nmv,stopping_rule,12.905940594059405
1.0,PrecipitationAndalusia_nmv,proba_threshold,11.410891089108912
1.0,Rock,dqn,14.380952380952381
1.0,Rock,dqn_sr,0.23809523809523808
1.0,Rock,stopping_rule,5.0476190476190474
1.0,Rock,proba_threshold,4.9523809523809526
1.0,SemgHandGenderCh2,dqn,6.164102564102564
1.0,SemgHandGenderCh2,dqn_sr,5.661538461538462
1.0,SemgHandGenderCh2,stopping_rule,8.75897435897436
1.0,SemgHandGenderCh2,proba_threshold,5.656410256410257
1.0,SmoothSubspace,dqn,4.180555555555555
1.0,SmoothSubspace,dqn_sr,4.180555555555555
1.0,SmoothSubspace,stopping_rule,4.180555555555555
1.0,SmoothSubspace,proba_threshold,4.180555555555555
1.0,SolarRadiationAndalusia_nmv,dqn,20.297029702970296
1.0,SolarRadiationAndalusia_nmv,dqn_sr,18.821782178217823
1.0,SolarRadiationAndalusia_nmv,stopping_rule,18.826732673267326
1.0,SolarRadiationAndalusia_nmv,proba_threshold,19.81188118811881
1.0,SteamPredictor,dqn,20.0
1.0,SteamPredictor,dqn_sr,20.0
1.0,SteamPredictor,stopping_rule,17.77777777777778
1.0,SteamPredictor,proba_threshold,20.0
1.0,TetuanEnergyConsumption,dqn,20.01818181818182
1.0,TetuanEnergyConsumption,dqn_sr,20.009090909090908
1.0,TetuanEnergyConsumption,stopping_rule,20.027272727272727
1.0,TetuanEnergyConsumption,proba_threshold,20.009090909090908
1.0,UMD,dqn,2.272727272727273
1.0,UMD,dqn_sr,2.272727272727273
1.0,UMD,stopping_rule,2.272727272727273
1.0,UMD,proba_threshold,2.272727272727273
1.0,WindTurbinePower,dqn,7.42578125
1.0,WindTurbinePower,dqn_sr,6.2578125
1.0,WindTurbinePower,stopping_rule,7.43359375
1.0,WindTurbinePower,proba_threshold,6.2578125
